Workbook

Sheet Data_Kemiskinan_Indonesia
A1: Kab | B1: Provinsi | C1: X1 | D1: P0 | E1: P1 | F1: P2 | G1: X2
A2: =UPPER(SUBSTITUTE(Sheet3!A2, "Kota ", "")) -> SIMEULUE | B2: 11 | C2: 17.62 | D2: 17.92 | E2: 3.26 | F2: 0.96 | G2: 538693
A3: =UPPER(SUBSTITUTE(Sheet3!A3, "Kota ", "")) -> ACEH SINGKIL | B3: 11 | C3: 24.62 | D3: 19.15 | E3: 2.99 | F3: 0.8 | G3: 568691
A4: =UPPER(SUBSTITUTE(Sheet3!A4, "Kota ", "")) -> ACEH SELATAN | B4: 11 | C4: 30.36 | D4: 12.1 | E4: 1.85 | F4: 0.46 | G4: 494565
A5: =UPPER(SUBSTITUTE(Sheet3!A5, "Kota ", "")) -> ACEH TENGGARA | B5: 11 | C5: 27.96 | D5: 12.45 | E5: 1.59 | F5: 0.33 | G5: 471301
A6: =UPPER(SUBSTITUTE(Sheet3!A6, "Kota ", "")) -> ACEH TIMUR | B6: 11 | C6: 60.63 | D6: 13.39 | E6: 2.43 | F6: 0.65 | G6: 530934
A7: =UPPER(SUBSTITUTE(Sheet3!A7, "Kota ", "")) -> ACEH TENGAH | B7: 11 | C7: 31.68 | D7: 14.38 | E7: 2.21 | F7: 0.53 | G7: 584863
A8: =UPPER(SUBSTITUTE(Sheet3!A8, "Kota ", "")) -> ACEH BARAT | B8: 11 | C8: 38.84 | D8: 17.86 | E8: 2.47 | F8: 0.53 | G8: 616091
A9: =UPPER(SUBSTITUTE(Sheet3!A9, "Kota ", "")) -> ACEH BESAR | B9: 11 | C9: 58.94 | D9: 13.38 | E9: 2 | F9: 0.43 | G9: 564431
A10: =UPPER(SUBSTITUTE(Sheet3!A10, "Kota ", "")) -> PIDIE | B10: 11 | C10: 86.79 | D10: 18.78 | E10: 4.09 | F10: 1.23 | G10: 579450
A11: =UPPER(SUBSTITUTE(Sheet3!A11, "Kota ", "")) -> BIREUEN | B11: 11 | C11: 59.21 | D11: 12.12 | E11: 1.9 | F11: 0.46 | G11: 486667
A12: =UPPER(SUBSTITUTE(Sheet3!A12, "Kota ", "")) -> ACEH UTARA | B12: 11 | C12: 106.77 | D12: 16.64 | E12: 2.16 | F12: 0.42 | G12: 454361
A13: =UPPER(SUBSTITUTE(Sheet3!A13, "Kota ", "")) -> ACEH BARAT DAYA | B13: 11 | C13: 24.31 | D13: 15.43 | E13: 3.15 | F13: 0.98 | G13: 474127
... A515: =UPPER(SUBSTITUTE(Sheet3!A515, "Kota ", "")) -> JAYAPURA | B515: 94 | C515: 32.79 | D515: 10.5 | E515: 2.12 | F515: 0.68 | G515: 1147265

Sheet Sheet3
A1: Kab
A2: Simeulue
A3: Aceh Singkil
A4: Aceh Selatan
A5: Aceh Tenggara
A6: Aceh Timur
A7: Aceh Tengah
A8: Aceh Barat
A9: Aceh Besar
A10: Pidie
A11: Bireuen
A12: Aceh Utara
... A515: Kota Jayapura
